Ia,IIb,IIIb,Other,accuracy,macro avg,weighted avg
1.0,0.6,1.0,1.0,0.9,0.9,0.9400000000000001
1.0,1.0,0.6666666666666666,0.8888888888888888,0.9,0.8888888888888888,0.9
1.0,0.7499999999999999,0.8,0.9411764705882353,0.9,0.8727941176470588,0.9060294117647059
5.0,3.0,3.0,9.0,0.9,20.0,20.0
