Ia,IIb,IIIb,Other,accuracy,macro avg,weighted avg
0.8571428571428571,1.0,1.0,1.0,0.95,0.9642857142857143,0.9571428571428571
1.0,1.0,0.6666666666666666,1.0,0.95,0.9166666666666666,0.95
0.923076923076923,1.0,0.8,1.0,0.95,0.9307692307692308,0.946923076923077
6.0,3.0,3.0,8.0,0.95,20.0,20.0
