Ia,IIb,IIIb,Other,accuracy,macro avg,weighted avg
1.0,0.6,0.75,1.0,0.85,0.8375,0.9025000000000001
1.0,1.0,1.0,0.6666666666666666,0.85,0.9166666666666666,0.85
1.0,0.7499999999999999,0.8571428571428571,0.8,0.85,0.8517857142857144,0.8510714285714286
5.0,3.0,3.0,9.0,0.85,20.0,20.0
