Ia,IIb,IIIb,Other,accuracy,macro avg,weighted avg
1.0,1.0,0.6,0.875,0.85,0.86875,0.88375
1.0,0.6666666666666666,1.0,0.7777777777777778,0.85,0.861111111111111,0.85
1.0,0.8,0.7499999999999999,0.823529411764706,0.85,0.8433823529411765,0.8530882352941177
5.0,3.0,3.0,9.0,0.85,20.0,20.0
