Ia,IIb,IIIb,Other,accuracy,macro avg,weighted avg
1.0,0.6666666666666666,1.0,0.8,0.85,0.8666666666666667,0.86
1.0,0.6666666666666666,0.6666666666666666,0.8888888888888888,0.85,0.8055555555555555,0.85
1.0,0.6666666666666666,0.8,0.8421052631578948,0.85,0.8271929824561404,0.8489473684210527
5.0,3.0,3.0,9.0,0.85,20.0,20.0
