Ia,IIb,IIIb,Other,accuracy,macro avg,weighted avg
1.0,1.0,0.6,1.0,0.9047619047619048,0.9,0.9428571428571428
1.0,1.0,1.0,0.7777777777777778,0.9047619047619048,0.9444444444444444,0.9047619047619048
1.0,1.0,0.7499999999999999,0.8750000000000001,0.9047619047619048,0.90625,0.9107142857142857
6.0,3.0,3.0,9.0,0.9047619047619048,21.0,21.0
