Ia,IIb,IIIb,Other,accuracy,macro avg,weighted avg
1.0,1.0,1.0,0.8181818181818182,0.9047619047619048,0.9545454545454546,0.922077922077922
1.0,1.0,0.5,1.0,0.9047619047619048,0.875,0.9047619047619048
1.0,1.0,0.6666666666666666,0.9,0.9047619047619048,0.8916666666666666,0.8936507936507936
6.0,2.0,4.0,9.0,0.9047619047619048,21.0,21.0
