Ia,IIb,IIIb,Other,accuracy,macro avg,weighted avg
0.7142857142857143,1.0,1.0,0.8,0.8,0.8785714285714286,0.8385714285714286
1.0,0.3333333333333333,0.6666666666666666,0.8888888888888888,0.8,0.7222222222222222,0.8
0.8333333333333333,0.5,0.8,0.8421052631578948,0.8,0.743859649122807,0.782280701754386
5.0,3.0,3.0,9.0,0.8,20.0,20.0
