Ia,IIb,IIIb,Other,accuracy,macro avg,weighted avg
1.0,1.0,1.0,0.8181818181818182,0.9,0.9545454545454546,0.9181818181818182
0.8,0.6666666666666666,1.0,1.0,0.9,0.8666666666666667,0.9
0.888888888888889,0.8,1.0,0.9,0.9,0.8972222222222223,0.8972222222222221
5.0,3.0,3.0,9.0,0.9,20.0,20.0
